{
    "steps": [
        {
            "root": {
                "type": "vbox",
                "children": [
                    {
                        "type": "root",
                        "idx": [
                            "t0"
                        ],
                        "arg": [
                            "t1"
                        ],
                        "rad": "r0"
                    },
                    "t2"
                ]
            }
        }
    ],
    "terms": [
        "3",
        "39304",
        "below"
    ],
    "radicals": 1,
    "metrics": [
        {
            "widths": [
                19.70458984375,
                98.5400390625,
                93.60107421875
            ],
            "ascent": 26.478494623655912,
            "height": 26.94278033794162
        },
        {
            "widths": [
                16.8896484375,
                84.462890625,
                80.2294921875
            ],
            "ascent": 22.987499999999997,
            "height": 22.987499999999997
        },
        {
            "widths": [
                14.07470703125,
                70.3857421875,
                66.85791015625
            ],
            "ascent": 18.484848484848484,
            "height": 18.9491341991342
        }
    ]
}