{
    "metrics": [
        {
            "widths": [
                17.6025390625,
                19.70458984375,
                11.60400390625,
                19.8583984375,
                19.70458984375,
                11.74072265625,
                19.70458984375,
                17.6025390625,
                19.8583984375,
                19.70458984375,
                19.70458984375,
                28.55712890625,
                19.70458984375,
                28.4033203125,
                18.73046875,
                28.55712890625,
                19.70458984375,
                28.4033203125,
                27.42919921875,
                19.70458984375,
                19.70458984375,
                28.55712890625,
                19.70458984375,
                28.4033203125,
                27.42919921875,
                28.4033203125,
                19.8583984375,
                28.55712890625,
                19.70458984375,
                28.4033203125,
                27.42919921875,
                28.4033203125,
                19.70458984375
            ],
            "ascent": 27.5,
            "height": 35.95454545454545
        },
        {
            "widths": [
                15.087890625,
                16.8896484375,
                9.9462890625,
                17.021484375,
                16.8896484375,
                10.0634765625,
                16.8896484375,
                15.087890625,
                17.021484375,
                16.8896484375,
                16.8896484375,
                24.4775390625,
                16.8896484375,
                24.345703125,
                16.0546875,
                24.4775390625,
                16.8896484375,
                24.345703125,
                23.5107421875,
                16.8896484375,
                16.8896484375,
                24.4775390625,
                16.8896484375,
                24.345703125,
                23.5107421875,
                24.345703125,
                17.021484375,
                24.4775390625,
                16.8896484375,
                24.345703125,
                23.5107421875,
                24.345703125,
                16.8896484375
            ],
            "ascent": 24,
            "height": 30.944444444444443
        },
        {
            "widths": [
                12.5732421875,
                14.07470703125,
                8.28857421875,
                14.1845703125,
                14.07470703125,
                8.38623046875,
                14.07470703125,
                12.5732421875,
                14.1845703125,
                14.07470703125,
                14.07470703125,
                20.39794921875,
                14.07470703125,
                20.2880859375,
                13.37890625,
                20.39794921875,
                14.07470703125,
                20.2880859375,
                19.59228515625,
                14.07470703125,
                14.07470703125,
                20.39794921875,
                14.07470703125,
                20.2880859375,
                19.59228515625,
                20.2880859375,
                14.1845703125,
                20.39794921875,
                14.07470703125,
                20.2880859375,
                19.59228515625,
                20.2880859375,
                14.07470703125
            ],
            "ascent": 19.5,
            "height": 25.9375
        }
    ],
    "hDividers": 0,
    "terms": [
        "x",
        "3",
        "(",
        "+",
        "2",
        ")",
        "3",
        "x",
        "+",
        "6",
        "3",
        "+\n",
        "6",
        "3\n",
        "×",
        "+\n",
        "6",
        "3\n",
        "×\n",
        "2",
        "6",
        "+\n",
        "6",
        "3\n",
        "×\n",
        "2\n",
        "+",
        "+\n",
        "6",
        "3\n",
        "×\n",
        "2\n",
        "="
    ],
    "steps": [
        {
            "color": {
                "t1": "red"
            },
            "opacity": {
                "t1": 0.9
            },
            "text": "Cloning Test",
            "root": {
                "type": "vbox",
                "children": [
                    {
                        "type": "hbox",
                        "children": [
                            "t1",
                            "t2",
                            "t0",
                            "t3",
                            "t4",
                            "t5"
                        ]
                    }
                ]
            }
        },
        {
            "color": {
                "t1": "red",
                "t6": "red"
            },
            "opacity": {
                "t1": 0.9,
                "t6": 0.9
            },
            "text": "Cloning Test",
            "root": {
                "type": "vbox",
                "children": [
                    {
                        "type": "hbox",
                        "children": [
                            "t1",
                            "t2",
                            "t0",
                            "t3",
                            "t4",
                            "t5"
                        ]
                    },
                    {
                        "type": "hbox",
                        "children": [
                            "t32",
                            "t6",
                            "t7"
                        ]
                    }
                ]
            }
        },
        {
            "color": {
                "t1": "red",
                "t6": "red",
                "t10": "red"
            },
            "opacity": {
                "t1": 0.9,
                "t6": 0.9,
                "t10": 0.9
            },
            "text": "Cloning Test",
            "root": {
                "type": "vbox",
                "children": [
                    {
                        "type": "hbox",
                        "children": [
                            "t1",
                            "t2",
                            "t0",
                            "t3",
                            "t4",
                            "t5"
                        ]
                    },
                    {
                        "type": "hbox",
                        "children": [
                            "t32",
                            "t6",
                            "t7",
                            "t8",
                            "t10",
                            "t14",
                            "t19"
                        ]
                    }
                ]
            }
        },
        {
            "color": {
                "t10": "red",
                "t19": "blue",
                "t1": "red",
                "t6": "red"
            },
            "opacity": {
                "t10": 0.9,
                "t19": 0.9,
                "t1": 0.9,
                "t6": 0.9
            },
            "text": "Cloning Test",
            "root": {
                "type": "vbox",
                "children": [
                    {
                        "type": "hbox",
                        "children": [
                            "t1",
                            "t2",
                            "t0",
                            "t3",
                            "t4",
                            "t5"
                        ]
                    },
                    {
                        "type": "hbox",
                        "children": [
                            "t32",
                            "t6",
                            "t7",
                            "t8",
                            "t20"
                        ]
                    }
                ]
            }
        }
    ]
}