{"metrics":[{"widths":[653.25927734375],"ascent":27.192189892802453,"height":34.03292496171516},{"widths":[559.9365234375],"ascent":22.903398926654738,"height":28.244186046511622},{"widths":[466.61376953125],"ascent":18.403433476394852,"height":23.245708154506445},{"widths":[373.291015625],"ascent":15.691689008042893,"height":19.033512064343164}],"hDividers":0,"terms":["Really very big Term that fills the canvas!!"],"steps":[{"root":{"type":"vbox","children":["t0"]}}]}