{"steps":[{"root":{"type":"vbox","children":["t0","t1","t2","t3"]},"color":{"t2":"red"},"opacity":{"t2":0.9},"text":"Add Some <em class=\"red\">Color</em>"},{"root":{"type":"vbox","children":["t0","t1","t2","t3"]},"text":"Add Some <em class=\"green\">Color</em>","color":{"t0":"green"},"opacity":{"t0":0.9,"t3":0.3}}],"terms":["Colors","Colors","Colors","Colors"],"metrics":[{"widths":[97.15997314453125,97.15997314453125,97.15997314453125,97.15997314453125],"ascent":26.407216494845358,"height":27.067010309278345},{"widths":[83.27993774414062,83.27993774414062,83.27993774414062,83.27993774414062],"ascent":21.915662650602407,"height":22.07831325301205},{"widths":[69.39997863769531,69.39997863769531,69.39997863769531,69.39997863769531],"ascent":17.427536231884055,"height":17.905797101449274}],"maxHeights":[188.26804123711338,168.3132530120482,151.6231884057971]}