{"steps":[{"root":{"type":"vbox","children":["t0","t1","t2","t3"]},"color":{"t2":"red"},"opacity":{"t2":0.9},"text":"Add Some <em class=\"red\">Color</em>"},{"root":{"type":"vbox","children":["t0","t1","t2","t3"]},"text":"Add Some <em class=\"green\">Color</em>","color":{"t0":"green"},"opacity":{"t0":0.9,"t3":0.3}}],"terms":["Colors","Colors","Colors","Colors"],"metrics":[{"widths":[99.53996276855469,99.53996276855469,99.53996276855469,99.53996276855469],"ascent":25.075757575757578,"height":25.54040404040404},{"widths":[85.31996154785156,85.31996154785156,85.31996154785156,85.31996154785156],"ascent":22.576470588235296,"height":22.576470588235296},{"widths":[71.09996032714844,71.09996032714844,71.09996032714844,71.09996032714844],"ascent":18.077464788732392,"height":18.54225352112676}],"maxHeights":[182.16161616161617,170.30588235294118,154.16901408450704]}