{"steps":[{"root":{"type":"vbox","children":[{"type":"subSuper","top":[{"type":"vbox","children":["t1","h0","t2"]}],"middle":["t0"],"bottom":[],"portrusion":0.45}]}}],"terms":["x","1","2"],"metrics":[{"widths":[18.164993286132812,18.654998779296875,18.654998779296875],"ascent":24.27777777777778,"height":24.750000000000007},{"widths":[15.569992065429688,15.989990234375,15.989990234375],"ascent":20.799999999999997,"height":20.799999999999997},{"widths":[12.974990844726562,13.324996948242188,13.324996948242188],"ascent":17.346153846153847,"height":17.804487179487182}],"hDividers":1,"maxHeights":[91.58375000000001,83.54549999999999,77.44963141025642]}