{
    "steps": [
        {
            "root": {
                "type": "vbox",
                "children": [
                    "t0",
                    {
                        "type": "quiz",
                        "children": [
                            "t2",
                            "t1",
                            "t3",
                            "t4"
                        ],
                        "answers": [
                            1
                        ]
                    }
                ]
            },
            "text": "Answer the question"
        },
        {
            "root": {
                "type": "vbox",
                "children": ["t0"]
            }
        }
    ],
    "terms": [
        "Question",
        "Right",
        "Not Right",
        "Wrong",
        "Really Wrong"
    ],
    "metrics": [
        {
            "widths": [
                132.43995666503906,
                84.69998168945312,
                151.05996704101562,
                106.88996887207031,
                212.5899200439453
            ],
            "ascent": 26.43181818181818,
            "height": 34.91530874785591
        },
        {
            "widths": [
                113.51994323730469,
                72.5999755859375,
                129.47994995117188,
                91.61996459960938,
                182.21990966796875
            ],
            "ascent": 21.929203539823007,
            "height": 28.909972770592233
        },
        {
            "widths": [
                94.5999755859375,
                60.49998474121094,
                107.89997863769531,
                76.34999084472656,
                151.8499755859375
            ],
            "ascent": 17.5,
            "height": 23.990066225165563
        }
    ],
    "maxHeights": [
        54.91530874785591,
        48.90997277059223,
        43.99006622516556
    ]
}