{"steps":[{"root":{"type":"vbox","children":["t0",{"type":"quiz","children":["t2","t1","t3","t4"],"answers":[1]}]},"text":"Answer the question"},{"root":{"type":"vbox","children":["t0"]}}],"terms":["Question","Right","Not Right","Wrong","Really Wrong"],"metrics":[{"widths":[142.41494750976562,84.76995849609375,150.8499298095703,102.40995788574219,206.5699005126953],"ascent":25.21844660194175,"height":32.70145631067962},{"widths":[122.0699462890625,72.65998840332031,129.29995727539062,87.77996826171875,177.0599365234375],"ascent":22.717514124293785,"height":28.697740112994353},{"widths":[101.72496032714844,60.549957275390625,107.74993896484375,73.14996337890625,147.5499267578125],"ascent":18.22108843537415,"height":23.7108843537415}],"maxHeights":[383.5072815533981,363.48870056497174,338.5544217687075]}