{"steps":[{"root":{"type":"vbox","children":[{"type":"hbox","children":["t0","t1",{"type":"tightHBox","children":["t2","t3"]},"t4","t5"]}]}}],"terms":["y","=","6","x","+","c"],"metrics":[{"widths":[17.67498779296875,18.654998779296875,18.654998779296875,18.164993286132812,18.654998779296875,16.30999755859375],"ascent":23.888888888888886,"height":30.77124183006535},{"widths":[15.149993896484375,15.989990234375,15.989990234375,15.569992065429688,15.989990234375,13.979995727539062],"ascent":20.4,"height":25.833333333333336},{"widths":[12.625,13.324996948242188,13.324996948242188,12.974990844726562,13.324996948242188,11.649993896484375],"ascent":16.96153846153846,"height":21.91987179487179}],"maxHeights":[50.77124183006535,45.833333333333336,41.91987179487179]}