{"steps":[{"root":{"type":"vbox","children":[{"type":"hbox","children":["t0","t1",{"type":"tightHBox","children":["t2","t3"]},"t4","t5"]}]}}],"terms":["y","=","6","x","+","c"],"metrics":[{"widths":[18.54998779296875,32.899993896484375,20.29998779296875,18.199996948242188,32.899993896484375,15.259994506835938],"ascent":24.1,"height":32.01666666666667},{"widths":[15.899993896484375,28.199996948242188,17.399993896484375,15.599990844726562,28.199996948242188,13.079986572265625],"ascent":20.647058823529413,"height":27.08039215686275},{"widths":[13.25,23.5,14.5,13,23.5,10.899993896484375],"ascent":17.142857142857146,"height":23.065934065934066}],"maxHeights":[52.01666666666667,47.08039215686275,43.065934065934066]}